{
  "total_tasks": 495,
  "successful_tasks": 488,
  "success_rate": 98.58585858585859,
  "average_accuracy": 37.88262626262627,
  "median_accuracy": 40.0,
  "std_accuracy": 21.623427745068057,
  "min_accuracy": 0,
  "max_accuracy": 95,
  "action_types": {
    "NAVIGATE": 638,
    "ACT": 685,
    "EXTRACT": 249,
    "OBSERVE": 186
  },
  "total_actions": 1758,
  "average_actions_per_task": 3.5515151515151517
}